Drug(s)	Effect
warfarin	4.89
liraglutide	3.06
allopurinol	0.605
metformin	0.9319166666666668
bupropion	1.4079999999999997
rivastigmine	2.857
carbamazepine	1.06
sunitinib	1.1374999999999997
imatinib	1.187
acamprosate	1.1008000000000002
pioglitazone	2.5597142857142856
